{
  "stage1": {
    "sample_size": 52805,
    "r2": 0.5116693373023244,
    "adj_r2": 0.5112806126930735,
    "f_stat": 1316.277192453002,
    "f_pvalue": 0.0
  },
  "model2": {
    "sample_size": 43417,
    "r2": 0.0205372881649466,
    "f_stat": 62.36459071861697,
    "t_stat": 2.800684022120253
  },
  "iv": {
    "sample_size": 34117,
    "first_stage_coef": 0.05263824305991037,
    "partial_r2": 0.0008115062257554317,
    "partial_f": 5.680392643480064,
    "second_stage_coef": -0.3408606166797199,
    "second_stage_t": -1.5574433002098733
  },
  "iv_benchmark": {
    "spec_name": "基准工具变量",
    "role": "benchmark",
    "instrument_desc": "滞后一期同城同年其他企业平均补助",
    "sample_size": 40835,
    "n_clusters": 4779,
    "partial_r2": 8.542548255430216e-05,
    "partial_f": 1.3865212445693893,
    "second_stage_coef": -0.3948664414973848,
    "second_stage_se": 0.46718699675098563,
    "second_stage_t": -0.8451999825411488,
    "second_stage_p": 0.3979991920868835,
    "overid_p": NaN,
    "overid_wooldridge_p": NaN,
    "wu_hausman_p": 0.023341703868113517
  },
  "iv_simple": {
    "spec_name": "简单替代工具变量",
    "role": "simple",
    "instrument_desc": "滞后一期同行业同年其他企业平均补助",
    "sample_size": 43407,
    "n_clusters": 4936,
    "partial_r2": 0.0009824133039627592,
    "partial_f": 8.307570566263513,
    "second_stage_coef": -0.16048726859256846,
    "second_stage_se": 0.12511506335574057,
    "second_stage_t": -1.2827173985937554,
    "second_stage_p": 0.19959110211993303,
    "overid_p": NaN,
    "overid_wooldridge_p": NaN,
    "wu_hausman_p": 0.0008951229428028062
  },
  "iv_refined": {
    "spec_name": "精炼双工具变量",
    "role": "refined",
    "instrument_desc": "滞后一期同行业同年排除本省平均补助 + 同省同行业同年排除本市平均补助",
    "sample_size": 34117,
    "n_clusters": 4391,
    "partial_r2": 0.0008115062257554317,
    "partial_f": 5.680392643480064,
    "second_stage_coef": -0.3408606166797199,
    "second_stage_se": 0.21885908567829546,
    "second_stage_t": -1.5574433002098733,
    "second_stage_p": 0.11936527247807516,
    "overid_p": 0.47869283310444966,
    "overid_wooldridge_p": 0.5146505628304257,
    "wu_hausman_p": 1.603925648963056e-07
  },
  "iv_shiftshare_single": {
    "spec_name": "增强shift-share单工具",
    "role": "shiftshare_single",
    "instrument_desc": "企业早期补贴暴露度 × 全国（排除本省）行业补贴增量",
    "fe_label": "公司固定效应 + 年份固定效应",
    "sample_size": 42628,
    "n_clusters": 4910,
    "partial_r2": 6.8983773138242555e-09,
    "partial_f": 0.00017500812793271896,
    "second_stage_coef": 66.7476820840966,
    "second_stage_se": 5045.027932972224,
    "second_stage_t": 0.013230389002974838,
    "second_stage_p": 0.9894439848417755,
    "overid_p": NaN,
    "overid_wooldridge_p": NaN,
    "wu_hausman_p": 0.0006092322892180535
  },
  "iv_shiftshare_double": {
    "spec_name": "增强shift-share双工具",
    "role": "shiftshare_double",
    "instrument_desc": "省—行业正补助暴露度 × 全国（排除本省）行业补贴增量 + 企业早期补贴暴露度 × 全国（排除本省）行业补贴增量",
    "fe_label": "公司固定效应 + 年份固定效应",
    "sample_size": 40420,
    "n_clusters": 4676,
    "partial_r2": 0.00021422174452356835,
    "partial_f": 2.3185120095743748,
    "second_stage_coef": 0.0659427719709953,
    "second_stage_se": 0.16631210252997847,
    "second_stage_t": 0.3965001402054239,
    "second_stage_p": 0.6917361044478736,
    "overid_p": 0.0017532352156640618,
    "overid_wooldridge_p": 0.011322457938581998,
    "wu_hausman_p": 0.058589831491836164
  },
  "heckman": {
    "selection_sample_size": 45396,
    "outcome_sample_size": 40679,
    "selection_rate": 0.8969733016124769,
    "exclusion_col": "IV_lnSubsidy_l1",
    "exclusion_coef": 0.05953835526140172,
    "exclusion_p": 4.940425856073972e-15,
    "imr_coef": -0.1771596086599376,
    "imr_p": 0.00558371212659603,
    "subsidy_coef": 0.009254556295993838,
    "subsidy_p": 0.007950919953223723,
    "subsidy_t": 2.6542955329316555
  },
  "placebo": {
    "未来一期补贴安慰剂": {
      "key_var": "lnSubsidy_pos_f1",
      "fe_mode": "entity_time",
      "fe_label": "公司固定效应 + 年份固定效应",
      "coef": 0.015197016556988728,
      "se": 0.0037680985035718484,
      "t_value": 4.033073058621796,
      "p_value": 5.517662433018877e-05,
      "sample_size": 37466,
      "n_clusters": 4639,
      "r_squared": 0.020217976412188476
    },
    "未来两期补贴安慰剂": {
      "key_var": "lnSubsidy_pos_f2",
      "fe_mode": "entity_time",
      "fe_label": "公司固定效应 + 年份固定效应",
      "coef": 0.010847996176383531,
      "se": 0.0037576547534511106,
      "t_value": 2.88690603265787,
      "p_value": 0.0038933999958130627,
      "sample_size": 33116,
      "n_clusters": 4326,
      "r_squared": 0.01841961529388869
    }
  },
  "placebo_fe_comparison": [
    {
      "check_item": "未来一期补贴安慰剂",
      "key_var": "lnSubsidy_pos_f1",
      "fe_mode": "entity_time",
      "fe_label": "公司固定效应 + 年份固定效应",
      "coef": 0.015197016556988728,
      "se": 0.0037680985035718484,
      "t_value": 4.033073058621796,
      "p_value": 5.517662433018877e-05,
      "sample_size": 37466,
      "n_clusters": 4639,
      "r_squared": 0.020217976412188476
    },
    {
      "check_item": "未来两期补贴安慰剂",
      "key_var": "lnSubsidy_pos_f2",
      "fe_mode": "entity_time",
      "fe_label": "公司固定效应 + 年份固定效应",
      "coef": 0.010847996176383531,
      "se": 0.0037576547534511106,
      "t_value": 2.88690603265787,
      "p_value": 0.0038933999958130627,
      "sample_size": 33116,
      "n_clusters": 4326,
      "r_squared": 0.01841961529388869
    },
    {
      "check_item": "未来一期补贴安慰剂",
      "key_var": "lnSubsidy_pos_f1",
      "fe_mode": "entity_industry_year",
      "fe_label": "公司固定效应 + 行业×年份固定效应",
      "coef": 0.014029628083063416,
      "se": 0.003649668879539486,
      "t_value": 3.84408244860659,
      "p_value": 0.00012123446560940998,
      "sample_size": 37466,
      "n_clusters": 4639,
      "r_squared": 0.021046857597515123
    },
    {
      "check_item": "未来两期补贴安慰剂",
      "key_var": "lnSubsidy_pos_f2",
      "fe_mode": "entity_industry_year",
      "fe_label": "公司固定效应 + 行业×年份固定效应",
      "coef": 0.009295807100241624,
      "se": 0.0036385180060128,
      "t_value": 2.5548333373312766,
      "p_value": 0.010629014312193652,
      "sample_size": 33116,
      "n_clusters": 4326,
      "r_squared": 0.01934644848937117
    }
  ],
  "main_fe_comparison": [
    {
      "fe_mode": "entity_time",
      "fe_label": "公司固定效应 + 年份固定效应",
      "coef": 0.009357327915277441,
      "se": 0.0033410866207582717,
      "t_value": 2.800684022120253,
      "p_value": 0.005101986858475183,
      "sample_size": 43417,
      "n_clusters": 4937,
      "r_squared": 0.0205372881649466,
      "f_stat": 62.36459071861697,
      "f_p_value": 0.0
    },
    {
      "fe_mode": "entity_industry_year",
      "fe_label": "公司固定效应 + 行业×年份固定效应",
      "coef": 0.008206045240069734,
      "se": 0.003304809881516932,
      "t_value": 2.4830612150987332,
      "p_value": 0.013030134136101879,
      "sample_size": 43417,
      "n_clusters": 4937,
      "r_squared": 0.02159351492739947,
      "f_stat": 69.27032985703903,
      "f_p_value": 0.0
    }
  ],
  "event_study": {
    "threshold_quantile": 0.75,
    "threshold_value": 34978824.08,
    "window": 3,
    "treated_firms": 2237,
    "all_firms": 4937,
    "sample_size": 43417,
    "n_clusters": 4937,
    "pretrend_p": 0.668957979111688,
    "posttrend_p": 0.07457480007688011,
    "pretrend_stat": 0.8040680646377564,
    "posttrend_stat": 8.510327608830364,
    "omitted_period": -1
  },
  "vif": {
    "max": 1.6774301920205241,
    "mean": 1.2484643933489656
  },
  "power_fa": {
    "kmo_overall": 0.5645096776923756,
    "variance_explained_ratio": 0.40078092314120417
  },
  "bp_test": {
    "lm_stat": 1036.4233188363646,
    "lm_pvalue": 7.321722895481969e-190,
    "f_stat": 25.1502849679288,
    "f_pvalue": 6.423776769067753e-192
  },
  "wooldridge_test": {
    "rho": -0.21423979044427627,
    "se": 0.00907410924761722,
    "t_stat": 31.49181939051062,
    "pvalue": 0.0,
    "sample_size": 31797,
    "n_clusters": 4264
  }
}