{
  "stage1": {
    "sample_size": 52828,
    "r2": 0.5152565662063013,
    "adj_r2": 0.5148708652643796,
    "f_stat": 1335.8965721969691,
    "f_pvalue": 0.0
  },
  "model2": {
    "sample_size": 49775,
    "r2": 0.014982944572320966,
    "f_stat": 43.937193675383455,
    "t_stat": 0.5201569313615552
  },
  "iv": {
    "sample_size": 46670,
    "first_stage_coef": 0.12015981827762606,
    "partial_r2": 0.0018760718958480416,
    "partial_f": 22.636356053859775,
    "second_stage_coef": -0.0333759355158072,
    "second_stage_t": -1.5335132041253745
  },
  "vif": {
    "max": 1.6731702710050294,
    "mean": 1.2472202233331882
  },
  "power_fa": {
    "kmo_overall": 0.5740490627837397,
    "variance_explained_ratio": 0.22372044820294615
  },
  "bp_test": {
    "lm_stat": 1052.9792904941332,
    "lm_pvalue": 2.5521717596633505e-193,
    "f_stat": 25.559996144796607,
    "f_pvalue": 1.911837513384879e-195
  },
  "wooldridge_test": {
    "rho": -0.21777069481859196,
    "se": 0.00837133072232249,
    "t_stat": 33.713792292165955,
    "pvalue": 0.0,
    "sample_size": 38663,
    "n_clusters": 4399
  }
}