{
  "threshold_quantile": 0.75,
  "threshold_value": 34978824.08,
  "window": 3,
  "treated_firms": 2237,
  "all_firms": 4937,
  "sample_size": 43417,
  "n_clusters": 4937,
  "pretrend_p": 0.668957979111688,
  "posttrend_p": 0.07457480007688011,
  "pretrend_stat": 0.8040680646377564,
  "posttrend_stat": 8.510327608830364,
  "omitted_period": -1
}