{
  "class_balance": {
    "positive_count": 22275,
    "negative_count": 23056,
    "positive_ratio": 0.49138558602281
  },
  "ml_sample_size": 45331,
  "ml_company_count": 5068,
  "train_size": 36150,
  "test_size": 9181,
  "train_company_count": 4054,
  "test_company_count": 1014,
  "ols_r2": 0.0207272786492827,
  "lasso_alpha": 0.0001,
  "lasso_retained": [
    "Top1",
    "Boardsize",
    "Lever",
    "Dual",
    "Mgshder",
    "lnSale",
    "IsSOE",
    "lnSubsidy",
    "Industry",
    "Tenure",
    "Roa",
    "Insider",
    "Zone",
    "IA"
  ],
  "rf_regression_r2": 0.08879808224262642,
  "rf_classification_f1": 0.5672142138786457,
  "xgb_regression_r2": 0.10057732104689154,
  "xgb_top_shap_feature": "Roa",
  "best_kmeans_k": 3,
  "regression_comparison": [
    {
      "模型": "OLS",
      "任务": "回归预测",
      "测试集R²": 0.0207272786492827,
      "RMSE": 0.5688549200741216,
      "MAE": 0.43804147018751655,
      "5折CV R²均值": 0.024091359785551724,
      "5折CV R²标准差": 0.010100748565602932,
      "调参方式": "无调参（线性基准）",
      "最优参数摘要": "无"
    },
    {
      "模型": "Lasso",
      "任务": "回归预测",
      "测试集R²": 0.020743388155979425,
      "RMSE": 0.5688502410865256,
      "MAE": 0.43802838123612486,
      "5折CV R²均值": 0.024136576928371477,
      "5折CV R²标准差": 0.01005575958664352,
      "调参方式": "LassoCV(内部KFold调参)+外层GroupKFold评估",
      "最优参数摘要": "{\"alpha\": 0.0001}"
    },
    {
      "模型": "RandomForest",
      "任务": "回归预测",
      "测试集R²": 0.08879808224262642,
      "RMSE": 0.5487278499149478,
      "MAE": 0.42182530052882744,
      "5折CV R²均值": 0.0812944467116377,
      "5折CV R²标准差": 0.008362253588828658,
      "调参方式": "RandomizedSearchCV(n_iter=8, cv=5)",
      "最优参数摘要": "{\"max_depth\": 10, \"max_features\": \"sqrt\", \"min_samples_leaf\": 10, \"n_estimators\": 300}"
    },
    {
      "模型": "XGBoost",
      "任务": "回归预测",
      "测试集R²": 0.10057732104689154,
      "RMSE": 0.5451695708247261,
      "MAE": 0.4202229427480048,
      "5折CV R²均值": 0.09195926146776386,
      "5折CV R²标准差": 0.009425830738951004,
      "调参方式": "RandomizedSearchCV(n_iter=10, cv=5)",
      "最优参数摘要": "{\"colsample_bytree\": 0.7, \"learning_rate\": 0.03, \"max_depth\": 6, \"min_child_weight\": 20, \"n_estimators\": 200, \"subsample\": 0.7}"
    }
  ],
  "classification_comparison": [
    {
      "模型": "Logit",
      "Accuracy": 0.5440583814399302,
      "Precision": 0.5457343887423043,
      "Recall": 0.5393307257714037,
      "F1": 0.5425136612021858,
      "ROC_AUC": 0.5583230569349957,
      "5折CV ROC_AUC": 0.5664226227196751,
      "调参方式": "GridSearchCV(cv=5, scoring=F1)",
      "最优参数摘要": "{\"model__C\": 0.1, \"model__class_weight\": \"balanced\"}",
      "平衡处理": "class_weight=balanced"
    },
    {
      "模型": "RandomForestClassifier",
      "Accuracy": 0.5781505282648949,
      "Precision": 0.5838509316770186,
      "Recall": 0.5514993481095176,
      "F1": 0.5672142138786457,
      "ROC_AUC": 0.613911229951295,
      "5折CV ROC_AUC": 0.619905630116591,
      "调参方式": "RandomizedSearchCV(n_iter=8, cv=5, scoring=F1)",
      "最优参数摘要": "{\"class_weight\": \"balanced\", \"max_depth\": null, \"max_features\": 1.0, \"min_samples_leaf\": 20, \"n_estimators\": 400}",
      "平衡处理": "class_weight=balanced"
    },
    {
      "模型": "XGBoostClassifier",
      "Accuracy": 0.5792397342337436,
      "Precision": 0.5850794381763758,
      "Recall": 0.5521512385919165,
      "F1": 0.5681386249301286,
      "ROC_AUC": 0.6189141584044994,
      "5折CV ROC_AUC": 0.6266285282522481,
      "调参方式": "RandomizedSearchCV(n_iter=10, cv=5, scoring=F1)",
      "最优参数摘要": "{\"colsample_bytree\": 1.0, \"learning_rate\": 0.05, \"max_depth\": 6, \"min_child_weight\": 10, \"n_estimators\": 200, \"scale_pos_weight\": 1.0455, \"subsample\": 1.0}",
      "平衡处理": "scale_pos_weight=1.0455"
    },
    {
      "模型": "DecisionTree",
      "Accuracy": 0.5572377736629996,
      "Precision": 0.5515454021885199,
      "Recall": 0.6242937853107344,
      "F1": 0.5856691468759556,
      "ROC_AUC": 0.5759232220407224,
      "5折CV ROC_AUC": 0.5726476236209883,
      "调参方式": "GridSearchCV(cv=5, scoring=F1)",
      "最优参数摘要": "{\"class_weight\": \"balanced\", \"max_depth\": 5, \"min_samples_leaf\": 200}",
      "平衡处理": "class_weight=balanced"
    }
  ]
}