{
  "class_balance": {
    "positive_count": 22006,
    "negative_count": 22644,
    "positive_ratio": 0.4928555431131019
  },
  "ols_r2": 0.05288610101334412,
  "lasso_alpha": 0.0003919406774847221,
  "lasso_retained": [
    "lnSubsidy",
    "Lever",
    "Boardsize",
    "Dual",
    "Top1",
    "Mgshder",
    "IsSOE",
    "Industry",
    "Roa",
    "Tenure",
    "Insider",
    "IA",
    "Zone",
    "lnSale"
  ],
  "rf_regression_r2": 0.1036003970457432,
  "rf_classification_f1": 0.6025076990761109,
  "xgb_regression_r2": 0.11721656543555947,
  "xgb_top_shap_feature": "lnSubsidy",
  "best_kmeans_k": 2,
  "regression_comparison": [
    {
      "模型": "OLS",
      "任务": "回归预测",
      "测试集R²": 0.05288610101334412,
      "RMSE": 0.5685319553295398,
      "MAE": 0.4334749343098323,
      "5折CV R²均值": 0.031763143990417485,
      "5折CV R²标准差": 0.007878330697293741,
      "调参方式": "无调参（线性基准）",
      "最优参数摘要": "无"
    },
    {
      "模型": "Lasso",
      "任务": "回归预测",
      "测试集R²": 0.05253186660231668,
      "RMSE": 0.568638265011537,
      "MAE": 0.4335490053367236,
      "5折CV R²均值": 0.03189640401184011,
      "5折CV R²标准差": 0.007715521319291137,
      "调参方式": "LassoCV(5折交叉验证)",
      "最优参数摘要": "{\"alpha\": 0.0003919406774847221}"
    },
    {
      "模型": "RandomForest",
      "任务": "回归预测",
      "测试集R²": 0.1036003970457432,
      "RMSE": 0.5531012026020504,
      "MAE": 0.42093421443047147,
      "5折CV R²均值": 0.08276603474813193,
      "5折CV R²标准差": 0.00560169562477521,
      "调参方式": "RandomizedSearchCV(n_iter=8, cv=5)",
      "最优参数摘要": "{\"max_depth\": 10, \"max_features\": \"sqrt\", \"min_samples_leaf\": 10, \"n_estimators\": 300}"
    },
    {
      "模型": "XGBoost",
      "任务": "回归预测",
      "测试集R²": 0.11721656543555947,
      "RMSE": 0.5488843681087224,
      "MAE": 0.41769582938756866,
      "5折CV R²均值": 0.09140805043648366,
      "5折CV R²标准差": 0.009177585533729313,
      "调参方式": "RandomizedSearchCV(n_iter=10, cv=5)",
      "最优参数摘要": "{\"colsample_bytree\": 0.7, \"learning_rate\": 0.03, \"max_depth\": 6, \"min_child_weight\": 20, \"n_estimators\": 200, \"subsample\": 0.7}"
    }
  ],
  "classification_comparison": [
    {
      "模型": "Logit",
      "Accuracy": 0.5749724366041896,
      "Precision": 0.5801174496644296,
      "Recall": 0.5988309157826369,
      "F1": 0.5893256631511665,
      "ROC_AUC": 0.6057465163110435,
      "调参方式": "GridSearchCV(cv=5, scoring=F1)",
      "最优参数摘要": "{\"model__C\": 1.0, \"model__class_weight\": \"balanced\"}",
      "平衡处理": "class_weight=balanced"
    },
    {
      "模型": "RandomForestClassifier",
      "Accuracy": 0.6015435501653804,
      "Precision": 0.6123407109322603,
      "Recall": 0.5929854946958216,
      "F1": 0.6025076990761109,
      "ROC_AUC": 0.6476795827691284,
      "调参方式": "RandomizedSearchCV(n_iter=8, cv=5, scoring=F1)",
      "最优参数摘要": "{\"class_weight\": \"balanced\", \"max_depth\": 10, \"max_features\": \"sqrt\", \"min_samples_leaf\": 10, \"n_estimators\": 300}",
      "平衡处理": "class_weight=balanced"
    },
    {
      "模型": "XGBoostClassifier",
      "Accuracy": 0.5959206174200662,
      "Precision": 0.606378233719893,
      "Recall": 0.5886555531500325,
      "F1": 0.5973854773151708,
      "ROC_AUC": 0.6449881802129259,
      "调参方式": "RandomizedSearchCV(n_iter=10, cv=5, scoring=F1)",
      "最优参数摘要": "{\"colsample_bytree\": 0.7, \"learning_rate\": 0.03, \"max_depth\": 4, \"min_child_weight\": 10, \"n_estimators\": 400, \"scale_pos_weight\": 1.0464, \"subsample\": 0.8}",
      "平衡处理": "scale_pos_weight=1.0464"
    },
    {
      "模型": "DecisionTree",
      "Accuracy": 0.5689084895259096,
      "Precision": 0.5928253469494632,
      "Recall": 0.4901493829833297,
      "F1": 0.536620052145058,
      "ROC_AUC": 0.6014079411478158,
      "调参方式": "GridSearchCV(cv=5, scoring=F1)",
      "最优参数摘要": "{\"class_weight\": \"balanced\", \"max_depth\": 5, \"min_samples_leaf\": 200}",
      "平衡处理": "class_weight=balanced"
    }
  ]
}