{
  "class_balance": {
    "positive_count": 22006,
    "negative_count": 22644,
    "positive_ratio": 0.4928555431131019
  },
  "ols_r2": 0.04269826461182602,
  "lasso_alpha": 0.00032245905452963947,
  "lasso_retained": [
    "lnSubsidy",
    "Lever",
    "Boardsize",
    "Top1",
    "Mgshder",
    "Dual",
    "IsSOE",
    "Industry",
    "Tenure",
    "Roa",
    "Insider",
    "Zone",
    "lnSale",
    "IA"
  ],
  "rf_regression_r2": 0.14249422156395142,
  "rf_classification_f1": 0.6635404454865181,
  "xgb_regression_r2": 0.19749904963755016,
  "xgb_top_shap_feature": "lnSubsidy",
  "best_kmeans_k": 2,
  "regression_comparison": [
    {
      "模型": "OLS",
      "任务": "回归预测",
      "测试集R²": 0.04269826461182602,
      "RMSE": 0.5624333592726407,
      "MAE": 0.43336931594038863,
      "5折CV R²均值": 0.039520209204091626,
      "5折CV R²标准差": 0.006724087626335165,
      "调参方式": "无调参（线性基准）",
      "最优参数摘要": "无"
    },
    {
      "模型": "Lasso",
      "任务": "回归预测",
      "测试集R²": 0.04271004637098674,
      "RMSE": 0.562429898255844,
      "MAE": 0.43334282175420435,
      "5折CV R²均值": 0.03952699358372691,
      "5折CV R²标准差": 0.006657023077791201,
      "调参方式": "LassoCV(5折交叉验证)",
      "最优参数摘要": "{\"alpha\": 0.00032245905452963947}"
    },
    {
      "模型": "RandomForest",
      "任务": "回归预测",
      "测试集R²": 0.14249422156395142,
      "RMSE": 0.5323106758966086,
      "MAE": 0.4083312996739994,
      "5折CV R²均值": 0.13432213717529054,
      "5折CV R²标准差": 0.010194915290657382,
      "调参方式": "RandomizedSearchCV(n_iter=8, cv=5)",
      "最优参数摘要": "{\"max_depth\": null, \"max_features\": 0.6, \"min_samples_leaf\": 50, \"n_estimators\": 300}"
    },
    {
      "模型": "XGBoost",
      "任务": "回归预测",
      "测试集R²": 0.19749904963755016,
      "RMSE": 0.5149551744183972,
      "MAE": 0.3957715417812421,
      "5折CV R²均值": 0.18880588554440372,
      "5折CV R²标准差": 0.014839887204426755,
      "调参方式": "RandomizedSearchCV(n_iter=10, cv=5)",
      "最优参数摘要": "{\"colsample_bytree\": 0.8, \"learning_rate\": 0.08, \"max_depth\": 6, \"min_child_weight\": 10, \"n_estimators\": 200, \"subsample\": 0.7}"
    }
  ],
  "classification_comparison": [
    {
      "模型": "Logit",
      "Accuracy": 0.5653975363941769,
      "Precision": 0.5576496674057649,
      "Recall": 0.571461031583731,
      "F1": 0.5644708786892605,
      "ROC_AUC": 0.5881705361228597,
      "调参方式": "GridSearchCV(cv=5, scoring=F1)",
      "最优参数摘要": "{\"model__C\": 0.1, \"model__class_weight\": \"balanced\"}",
      "平衡处理": "class_weight=balanced"
    },
    {
      "模型": "RandomForestClassifier",
      "Accuracy": 0.6786114221724524,
      "Precision": 0.6853959796560911,
      "Recall": 0.6430356737105203,
      "F1": 0.6635404454865181,
      "ROC_AUC": 0.7451619443161339,
      "调参方式": "RandomizedSearchCV(n_iter=8, cv=5, scoring=F1)",
      "最优参数摘要": "{\"class_weight\": null, \"max_depth\": null, \"max_features\": \"sqrt\", \"min_samples_leaf\": 10, \"n_estimators\": 300}",
      "平衡处理": "class_weight=None"
    },
    {
      "模型": "XGBoostClassifier",
      "Accuracy": 0.6528555431131019,
      "Precision": 0.6583110245801899,
      "Recall": 0.6146330379459214,
      "F1": 0.63572267920094,
      "ROC_AUC": 0.7151517783173087,
      "调参方式": "RandomizedSearchCV(n_iter=10, cv=5, scoring=F1)",
      "最优参数摘要": "{\"colsample_bytree\": 0.9, \"learning_rate\": 0.08, \"max_depth\": 6, \"min_child_weight\": 10, \"n_estimators\": 400, \"scale_pos_weight\": 1.0, \"subsample\": 0.8}",
      "平衡处理": "scale_pos_weight=1.0"
    },
    {
      "模型": "DecisionTree",
      "Accuracy": 0.564501679731243,
      "Precision": 0.5744618964514252,
      "Recall": 0.44876164508066346,
      "F1": 0.5038908023982651,
      "ROC_AUC": 0.6002006860381045,
      "调参方式": "GridSearchCV(cv=5, scoring=F1)",
      "最优参数摘要": "{\"class_weight\": \"balanced\", \"max_depth\": 5, \"min_samples_leaf\": 200}",
      "平衡处理": "class_weight=balanced"
    }
  ]
}