{
  "class_balance": {
    "positive_count": 22350,
    "negative_count": 22936,
    "positive_ratio": 0.49353000927438945
  },
  "ml_sample_size": 45286,
  "ml_company_count": 5064,
  "train_size": 36392,
  "test_size": 8894,
  "train_company_count": 4051,
  "test_company_count": 1013,
  "ols_r2": 0.018028513038159777,
  "lasso_alpha": 0.0022695105366946685,
  "lasso_retained": [
    "Top1",
    "Boardsize",
    "Dual",
    "Lever",
    "Mgshder",
    "lnSale",
    "Industry",
    "lnSubsidy",
    "IsSOE",
    "Tenure",
    "IA",
    "Roa",
    "Insider"
  ],
  "rf_regression_r2": 0.08863768699278007,
  "rf_classification_f1": 0.5718178721471556,
  "xgb_regression_r2": 0.09470979049840134,
  "xgb_top_shap_feature": "lnSubsidy",
  "best_kmeans_k": 3,
  "regression_comparison": [
    {
      "模型": "OLS",
      "任务": "回归预测",
      "测试集R²": 0.018028513038159777,
      "RMSE": 0.5655717300519352,
      "MAE": 0.43416054631486173,
      "5折CV R²均值": 0.024572613104556718,
      "5折CV R²标准差": 0.004542526609987449,
      "调参方式": "无调参（线性基准）",
      "最优参数摘要": "无"
    },
    {
      "模型": "Lasso",
      "任务": "回归预测",
      "测试集R²": 0.017719127857323658,
      "RMSE": 0.5656608190601075,
      "MAE": 0.4337966094025226,
      "5折CV R²均值": 0.02483291254061859,
      "5折CV R²标准差": 0.004523355583270864,
      "调参方式": "自定义alpha网格搜索(内外层均为GroupKFold)",
      "最优参数摘要": "{\"alpha\": 0.0022695105366946685, \"alpha_search_cv_mean\": 0.02483291254061859, \"alpha_search_cv_std\": 0.004523355583270864}"
    },
    {
      "模型": "RandomForest",
      "任务": "回归预测",
      "测试集R²": 0.08863768699278007,
      "RMSE": 0.5448585712187883,
      "MAE": 0.41871577109962366,
      "5折CV R²均值": 0.08110477598794082,
      "5折CV R²标准差": 0.005271703697505138,
      "调参方式": "RandomizedSearchCV(n_iter=8, cv=5)",
      "最优参数摘要": "{\"max_depth\": 10, \"max_features\": \"sqrt\", \"min_samples_leaf\": 10, \"n_estimators\": 300}"
    },
    {
      "模型": "XGBoost",
      "任务": "回归预测",
      "测试集R²": 0.09470979049840134,
      "RMSE": 0.5430404321633807,
      "MAE": 0.418123817447712,
      "5折CV R²均值": 0.09370747752216461,
      "5折CV R²标准差": 0.00857591606257274,
      "调参方式": "RandomizedSearchCV(n_iter=10, cv=5)",
      "最优参数摘要": "{\"colsample_bytree\": 0.8, \"learning_rate\": 0.05, \"max_depth\": 4, \"min_child_weight\": 5, \"n_estimators\": 300, \"subsample\": 0.8}"
    }
  ],
  "classification_comparison": [
    {
      "模型": "Logit",
      "Accuracy": 0.5364290532943558,
      "Precision": 0.553680981595092,
      "Recall": 0.5477996965098634,
      "F1": 0.5507246376811594,
      "ROC_AUC": 0.5517762001529958,
      "5折CV ROC_AUC": 0.5704843330356052,
      "调参方式": "GridSearchCV(cv=5, scoring=F1)",
      "最优参数摘要": "{\"model__C\": 0.1, \"model__class_weight\": \"balanced\"}",
      "平衡处理": "class_weight=balanced"
    },
    {
      "模型": "RandomForestClassifier",
      "Accuracy": 0.5760062963795818,
      "Precision": 0.6003814973772056,
      "Recall": 0.5458486884890527,
      "F1": 0.5718178721471556,
      "ROC_AUC": 0.6124935709503012,
      "5折CV ROC_AUC": 0.6203740256514797,
      "调参方式": "RandomizedSearchCV(n_iter=8, cv=5, scoring=F1)",
      "最优参数摘要": "{\"class_weight\": \"balanced\", \"max_depth\": null, \"max_features\": 1.0, \"min_samples_leaf\": 20, \"n_estimators\": 400}",
      "平衡处理": "class_weight=balanced"
    },
    {
      "模型": "XGBoostClassifier",
      "Accuracy": 0.5856757364515404,
      "Precision": 0.6083099906629318,
      "Recall": 0.5649252113592023,
      "F1": 0.5858154434078903,
      "ROC_AUC": 0.6249697884668582,
      "5折CV ROC_AUC": 0.6309470028825019,
      "调参方式": "RandomizedSearchCV(n_iter=10, cv=5, scoring=F1)",
      "最优参数摘要": "{\"colsample_bytree\": 0.7, \"learning_rate\": 0.03, \"max_depth\": 4, \"min_child_weight\": 10, \"n_estimators\": 400, \"scale_pos_weight\": 1.0518, \"subsample\": 0.8}",
      "平衡处理": "scale_pos_weight=1.0518"
    },
    {
      "模型": "DecisionTree",
      "Accuracy": 0.5302451090622892,
      "Precision": 0.5447622967688824,
      "Recall": 0.5738131367873401,
      "F1": 0.558910472972973,
      "ROC_AUC": 0.554311082605636,
      "5折CV ROC_AUC": 0.5671186585975083,
      "调参方式": "GridSearchCV(cv=5, scoring=F1)",
      "最优参数摘要": "{\"class_weight\": \"balanced\", \"max_depth\": 3, \"min_samples_leaf\": 50}",
      "平衡处理": "class_weight=balanced"
    }
  ]
}