{
  "class_balance": {
    "positive_count": 24948,
    "negative_count": 25370,
    "positive_ratio": 0.4958066695814619
  },
  "ols_r2": 0.02378076462782064,
  "lasso_alpha": 0.00021826447283974872,
  "lasso_retained": [
    "Lever",
    "Boardsize",
    "Top1",
    "Dual",
    "lnSale",
    "Mgshder",
    "IsSOE",
    "Roa",
    "Industry",
    "Tenure",
    "lnSubsidy",
    "Zone",
    "IA",
    "Insider"
  ],
  "rf_regression_r2": 0.08177622057547262,
  "rf_classification_f1": 0.5654277772058066,
  "xgb_regression_r2": 0.09495159998849168,
  "xgb_top_shap_feature": "Roa",
  "best_kmeans_k": 4,
  "regression_comparison": [
    {
      "模型": "OLS",
      "任务": "回归预测",
      "测试集R²": 0.02378076462782064,
      "RMSE": 0.5943397863086974,
      "MAE": 0.4598494924232398,
      "5折CV R²均值": 0.025311413474593758,
      "5折CV R²标准差": 0.010331334525809257,
      "调参方式": "无调参（线性基准）",
      "最优参数摘要": "无"
    },
    {
      "模型": "Lasso",
      "任务": "回归预测",
      "测试集R²": 0.02384167830328643,
      "RMSE": 0.5943212433501506,
      "MAE": 0.4598046009566605,
      "5折CV R²均值": 0.025337137727945457,
      "5折CV R²标准差": 0.010219929060538712,
      "调参方式": "LassoCV(5折交叉验证)",
      "最优参数摘要": "{\"alpha\": 0.00021826447283974872}"
    },
    {
      "模型": "RandomForest",
      "任务": "回归预测",
      "测试集R²": 0.08177622057547262,
      "RMSE": 0.5764151557096142,
      "MAE": 0.4455068843424494,
      "5折CV R²均值": 0.08537734846758023,
      "5折CV R²标准差": 0.009243493697504632,
      "调参方式": "RandomizedSearchCV(n_iter=8, cv=5)",
      "最优参数摘要": "{\"max_depth\": 10, \"max_features\": \"sqrt\", \"min_samples_leaf\": 10, \"n_estimators\": 300}"
    },
    {
      "模型": "XGBoost",
      "任务": "回归预测",
      "测试集R²": 0.09495159998849168,
      "RMSE": 0.572264790267678,
      "MAE": 0.4426348941266587,
      "5折CV R²均值": 0.09393233653715308,
      "5折CV R²标准差": 0.012502344223594811,
      "调参方式": "RandomizedSearchCV(n_iter=10, cv=5)",
      "最优参数摘要": "{\"colsample_bytree\": 0.7, \"learning_rate\": 0.03, \"max_depth\": 6, \"min_child_weight\": 20, \"n_estimators\": 200, \"subsample\": 0.7}"
    }
  ],
  "classification_comparison": [
    {
      "模型": "Logit",
      "Accuracy": 0.5408929276965626,
      "Precision": 0.5301472070982053,
      "Recall": 0.5314331918334344,
      "F1": 0.5307894205532001,
      "ROC_AUC": 0.5575337323943634,
      "5折CV ROC_AUC": 0.5702288778402949,
      "调参方式": "GridSearchCV(cv=5, scoring=F1)",
      "最优参数摘要": "{\"model__C\": 1.0, \"model__class_weight\": \"balanced\"}",
      "平衡处理": "class_weight=balanced"
    },
    {
      "模型": "RandomForestClassifier",
      "Accuracy": 0.5830699328328723,
      "Precision": 0.5761644985312631,
      "Recall": 0.5550838892257934,
      "F1": 0.5654277772058066,
      "ROC_AUC": 0.6196361751350095,
      "5折CV ROC_AUC": 0.6352905085559662,
      "调参方式": "RandomizedSearchCV(n_iter=8, cv=5, scoring=F1)",
      "最优参数摘要": "{\"class_weight\": null, \"max_depth\": null, \"max_features\": \"sqrt\", \"min_samples_leaf\": 10, \"n_estimators\": 300}",
      "平衡处理": "class_weight=None"
    },
    {
      "模型": "XGBoostClassifier",
      "Accuracy": 0.5860331884630581,
      "Precision": 0.5800508259212198,
      "Recall": 0.553668890236507,
      "F1": 0.5665529010238908,
      "ROC_AUC": 0.6234603700910157,
      "5折CV ROC_AUC": 0.6381518648252679,
      "调参方式": "RandomizedSearchCV(n_iter=10, cv=5, scoring=F1)",
      "最优参数摘要": "{\"colsample_bytree\": 0.7, \"learning_rate\": 0.03, \"max_depth\": 4, \"min_child_weight\": 10, \"n_estimators\": 400, \"scale_pos_weight\": 1.0096, \"subsample\": 0.8}",
      "平衡处理": "scale_pos_weight=1.0096"
    },
    {
      "模型": "DecisionTree",
      "Accuracy": 0.5429672066376926,
      "Precision": 0.530441400304414,
      "Recall": 0.563573883161512,
      "F1": 0.5465059296285406,
      "ROC_AUC": 0.5638199724887556,
      "5折CV ROC_AUC": 0.5678053079978158,
      "调参方式": "GridSearchCV(cv=5, scoring=F1)",
      "最优参数摘要": "{\"class_weight\": null, \"max_depth\": 3, \"min_samples_leaf\": 50}",
      "平衡处理": "class_weight=None"
    }
  ]
}