{
  "lasso_alpha": 0.004357089192253029,
  "lasso_fit_r2": 0.0401260173796989,
  "lasso_retained": [
    "lnSubsidy",
    "Lever",
    "Top1",
    "Boardsize",
    "Dual",
    "Mgshder",
    "IsSOE",
    "Industry",
    "Tenure",
    "Roa"
  ],
  "rf_r2": 0.1421262077455958,
  "rf_rmse": 0.5237217950792316,
  "rf_mae": 0.4032905068580213,
  "rf_cv_r2_mean": 0.06942776054395519,
  "rf_cv_r2_std": 0.01824739815423233,
  "rf_accuracy": 0.6267637178051512,
  "rf_top_feature": "Roa",
  "xgb_r2": 0.2011536814878877,
  "xgb_rmse": 0.5053829272431695,
  "xgb_cv_r2_mean": 0.07226694975354235,
  "xgb_cv_r2_std": 0.027836629068581614,
  "xgb_top_shap_feature": "lnSubsidy",
  "decision_tree_accuracy": 0.558006718924972,
  "kmeans_best_k": 2,
  "comparison": [
    {
      "模型": "Lasso回归",
      "R²": 0.03623507965981365,
      "RMSE": 0.5551041891711432,
      "MAE": 0.42810531325743967
    },
    {
      "模型": "随机森林",
      "R²": 0.1421262077455958,
      "RMSE": 0.5237217950792316,
      "MAE": 0.40329050685802137
    },
    {
      "模型": "XGBoost",
      "R²": 0.2011536814878877,
      "RMSE": 0.5053829272431695,
      "MAE": 0.39002495536176995
    }
  ]
}