{
  "class_balance": {
    "positive_count": 22006,
    "negative_count": 22644,
    "positive_ratio": 0.4928555431131019
  },
  "ols_r2": 0.03181275851884835,
  "lasso_alpha": 0.00032245905452963947,
  "lasso_retained": [
    "lnSubsidy",
    "Lever",
    "Top1",
    "Boardsize",
    "Industry",
    "Mgshder",
    "Dual",
    "IsSOE",
    "Zone",
    "lnSale",
    "Insider",
    "IA",
    "Roa"
  ],
  "rf_regression_r2": 0.09225412565186686,
  "rf_classification_f1": 0.6345677590278178,
  "xgb_regression_r2": 0.11273614303237067,
  "xgb_top_shap_feature": "Roa",
  "best_kmeans_k": 2,
  "regression_comparison": [
    {
      "模型": "OLS",
      "任务": "回归预测",
      "测试集R²": 0.03181275851884835,
      "RMSE": 0.5507949873705056,
      "MAE": 0.42571798563334545,
      "5折CV R²均值": 0.03132637740847018,
      "5折CV R²标准差": 0.009000795859793827,
      "调参方式": "无调参（线性基准）",
      "最优参数摘要": "无"
    },
    {
      "模型": "Lasso",
      "任务": "回归预测",
      "测试集R²": 0.03210268557832063,
      "RMSE": 0.5507125124519316,
      "MAE": 0.4256369181806078,
      "5折CV R²均值": 0.031392060165594905,
      "5折CV R²标准差": 0.008898028796941505,
      "调参方式": "LassoCV(5折交叉验证)",
      "最优参数摘要": "{\"alpha\": 0.00032245905452963947}"
    },
    {
      "模型": "RandomForest",
      "任务": "回归预测",
      "测试集R²": 0.09225412565186686,
      "RMSE": 0.5333256157218592,
      "MAE": 0.41119565861798835,
      "5折CV R²均值": 0.08313110767849727,
      "5折CV R²标准差": 0.008362212777397505,
      "调参方式": "RandomizedSearchCV(n_iter=8, cv=5)",
      "最优参数摘要": "{\"max_depth\": 10, \"max_features\": \"sqrt\", \"min_samples_leaf\": 20, \"n_estimators\": 300}"
    },
    {
      "模型": "XGBoost",
      "任务": "回归预测",
      "测试集R²": 0.11273614303237067,
      "RMSE": 0.5272744130507526,
      "MAE": 0.4075370443177316,
      "5折CV R²均值": 0.09039586142786546,
      "5折CV R²标准差": 0.006460212047178392,
      "调参方式": "RandomizedSearchCV(n_iter=10, cv=5)",
      "最优参数摘要": "{\"colsample_bytree\": 0.7, \"learning_rate\": 0.03, \"max_depth\": 6, \"min_child_weight\": 20, \"n_estimators\": 200, \"subsample\": 0.7}"
    }
  ],
  "classification_comparison": [
    {
      "模型": "Logit",
      "Accuracy": 0.5562177935059291,
      "Precision": 0.5309872313920897,
      "Recall": 0.6604260813428018,
      "F1": 0.5886753366325239,
      "ROC_AUC": 0.5838364830663602,
      "调参方式": "GridSearchCV(cv=5, scoring=F1)",
      "最优参数摘要": "{\"model__C\": 0.1, \"model__class_weight\": \"balanced\"}",
      "平衡处理": "class_weight=balanced"
    },
    {
      "模型": "RandomForestClassifier",
      "Accuracy": 0.6060718942074874,
      "Precision": 0.5727802037845706,
      "Recall": 0.7112976113621692,
      "F1": 0.6345677590278178,
      "ROC_AUC": 0.6599411954445461,
      "调参方式": "RandomizedSearchCV(n_iter=8, cv=5, scoring=F1)",
      "最优参数摘要": "{\"class_weight\": null, \"max_depth\": null, \"max_features\": \"sqrt\", \"min_samples_leaf\": 10, \"n_estimators\": 300}",
      "平衡处理": "class_weight=None"
    },
    {
      "模型": "XGBoostClassifier",
      "Accuracy": 0.5954553920655615,
      "Precision": 0.567803155687962,
      "Recall": 0.6644286636539704,
      "F1": 0.6123274631128034,
      "ROC_AUC": 0.6440376081103469,
      "调参方式": "RandomizedSearchCV(n_iter=10, cv=5, scoring=F1)",
      "最优参数摘要": "{\"colsample_bytree\": 0.7, \"learning_rate\": 0.08, \"max_depth\": 4, \"min_child_weight\": 10, \"n_estimators\": 300, \"scale_pos_weight\": 1.0, \"subsample\": 0.8}",
      "平衡处理": "scale_pos_weight=1.0"
    },
    {
      "模型": "DecisionTree",
      "Accuracy": 0.5520581113801453,
      "Precision": 0.5308713886300093,
      "Recall": 0.5883795997417689,
      "F1": 0.5581480801028844,
      "ROC_AUC": 0.5754577449184874,
      "调参方式": "GridSearchCV(cv=5, scoring=F1)",
      "最优参数摘要": "{\"class_weight\": null, \"max_depth\": 5, \"min_samples_leaf\": 50}",
      "平衡处理": "class_weight=None"
    }
  ]
}